0,1,2,3,4
-0.019950825898667486,1.3294973712511287,0.04055463508350733,-1.4030032906310212,-1.1998876730816923
0.2180198192798415,-1.6690405974709344,-0.513874079230686,-1.7995215394706976,1.9368300097820514
-0.5053134941913446,0.28002306632030616,1.0156210666656398,-1.3102846072014833,-0.2512672868826616
0.7541693284648837,1.174592098103799,0.1804060588061146,0.27797445782482877,-1.4068617932964644
0.017148723421950503,-1.3772286353505188,0.3949747184563765,-0.3993434413174991,0.9189675702443142
0.7119336539796756,1.1844064233194254,0.0035759384154110843,0.3593991951478595,-1.4214678110567227
1.357996987393509,-0.46609524542733705,-0.6163173810892961,0.22288882099769852,1.4973208836168292
-1.7926358755052252,-1.3871478621905333,0.6421117996302171,0.04753208106899647,0.4226679093812895
1.1227157621935473,0.061887978117735505,-1.5623320643797671,0.27454702296490635,-0.9592909446932109
1.0259408176131513,-0.15013797257136907,1.094927955781559,0.010832135309701283,1.7317868457563035
-1.7934341297230851,-1.4079786465067563,0.7753093191674217,-0.040388100696145256,0.3555360101600832
1.2741905495045913,-0.44323096248094135,-0.8357610992034767,0.2263216599206954,1.3570171959044706
-0.03738555345509086,-1.2286129338938314,0.36804125655490966,-0.6162181549284199,1.035775601411881
-1.7571033810622585,0.22018157660242504,-1.2396489731413063,0.8261064522180538,-0.3319795270234265
1.7084057378797333,0.10164913807905518,1.9152826651900594,0.7510233287721616,1.0124895816097634
-1.752547552036876,-1.3598768647598183,0.5983876677465158,0.0035640015064417802,0.46747270648089134
1.1475002742312086,0.15759642140489502,-1.6789897552199764,0.29625478863366056,-0.8920987736486599
1.2529739468216898,0.12842383380270422,-1.6162361825810114,0.38104491625984416,-0.8833599624415619
-0.44728083901280163,0.4191312303887826,1.0439216737364296,-1.3917679929408988,-0.2743663994900696
-1.7658652034990232,-1.4173646467771992,0.6429514019991834,-0.02106620153236545,0.4422070213339884
1.072434733114895,0.32390749608887354,-1.6739634420953138,0.3395277731845584,-0.7217453810915745
1.1227896175827978,0.22391806801887257,-1.6696937091376494,0.4332905274398047,-0.872393201589118
-1.5926994294677774,0.21047755125507978,-1.3884785135561855,0.795017816123865,-0.24994939616366774
-0.2631644921810019,1.259910039768939,1.1619794412468263,1.363156596583196,-1.1448596392996289
1.246597528864046,-0.6559990100636954,0.4177700789362411,-1.2024191030499825,0.04424682266953836
0.11661446775758309,-0.035998830301884714,0.4910837722814218,-0.4639113863735447,0.7174599588009264
-0.38142914722841464,1.3914595052652634,1.0786534125372191,1.3122971636692329,-1.1470227031218587
-1.2609234670017988,1.238112757085784,-0.3341492078242704,1.1628807881342844,-0.0542361066578784
1.2357323263816506,0.1865389594845233,-1.6240506822729845,0.33689888653456773,-0.8929340918728714
0.0031962048524632764,1.205022784615352,0.12264440486470236,-1.502727439420143,-1.0786756638995738
0.9505083429403514,-1.155993457730975,1.3712069803475757,1.7972032868235253,-1.1129505293007143
0.6380749873200737,1.250858120370508,0.03023516378335655,0.28095974948746055,-1.5793835891762784
0.8804492605762054,-1.1132887287325028,1.5468041391768872,1.734424524552131,-1.1782152714899583
-0.2641842775239902,1.3988878579203385,0.9208639474592603,1.2845721907978722,-1.2749230331654668
-1.56926221750237,0.1614404321168377,-1.3263429747636313,0.9507641879346149,-0.12904294992433868
0.6539816315143844,1.1545587109043047,0.05634477859669659,0.22837720551926258,-1.438112605317046
0.6844811540472322,1.1932828273825582,0.11201755350106396,0.239185508637989,-1.587760523579342
-1.6572191233923101,0.17330205850933691,-1.2773199707521603,0.6624303198484838,-0.2505484754144901
-1.6010185167625368,0.2066904860258599,-1.2455950280371815,0.8622319353650256,-0.34511753599008826
-0.10336589991022718,1.2184276095559992,0.05992381188967137,-1.5245799347145048,-1.215599222148242
0.715170428281052,1.082162311860773,0.09819175329692678,0.36326281276196665,-1.6940328462164593
-1.6782561736306283,-1.411575009383784,0.6185225613058316,0.06891442902625357,0.40641580503503244
-1.6939365548605632,-1.397065324710373,0.7347079831739616,-0.01927005026672682,0.434572571199753
-0.11760408002682321,1.322032564806416,0.014661222711668783,-1.5743211138431323,-1.2406811488671623
0.4421264904312112,-1.204237473079407,-0.5238753259960229,1.3615670018164727,-0.492719183363593
-1.7727451343080456,-1.3131042676129945,0.7049099623395177,0.05011004185021111,0.31675820775447877
-1.778972670524409,-1.4290950356873298,0.6554336968087519,0.11520637829308517,0.3228197574437939
0.26629158738981024,-1.6763294171051444,-0.46204700033523133,-1.7291296905858073,1.8162622564735216
0.8456981223666358,-1.0708539213699164,1.4220669697509383,1.8066849493572277,-1.1857047105955834
-0.45975803380015384,0.2709171511004363,0.8364789763095656,-1.266330412348873,-0.3503673987683165
-1.6457180607250292,0.22944469962877442,-1.3412576272278331,0.8563429244050788,-0.13282395939044062
1.4476865175413625,0.09174981975700885,1.7870727065224934,0.719363393917912,0.9877051512999668
1.2219559455548532,0.12019288799676568,-1.768952717233676,0.3558492996523271,-0.8537158582791553
-0.18760542335815358,1.4311958685232862,-0.01040931535172654,-1.6146816892954474,-1.2891179473781647
1.0686361071933084,-0.1600754016543714,1.1091600369150163,-0.018048991262216724,1.653578951248553
-0.036130973883639,-1.3130399056190163,0.4801282245703795,-0.49043883271257643,1.0110026015944606
1.5344065367864992,0.08273873285690898,1.8459156182732832,0.7995253121685142,0.878880592547729
-1.5417409167165563,0.1979572647012148,-1.3082248839569648,0.8139633876702627,-0.261579999470362
1.3833796217659402,-0.38829339374899263,-0.5524942660639819,0.20761486676548238,1.5637598794575478
0.016702351645574317,-1.281517263360604,0.4370491552024663,-0.6569313128226901,1.1316226417606632
-0.11941432256266349,1.26974264330597,0.06664400075275259,-1.4478496969419232,-1.1766332691901447
0.643278250537615,1.0951191793683654,0.010517952384864474,0.3456119579102916,-1.5998420774943847
-1.1810528544119863,-0.22623668422524976,-0.46824268005969133,0.3462701728734356,0.05744449067632324
1.1269001346054766,0.21629968521231352,-1.643698716985261,0.35375899319735016,-0.7711224318449252
-1.2290434612842305,-0.2295683045736393,-0.3131551173062295,0.3877275797352501,-0.2855715297860171
1.2534085642731658,-0.5558912323670526,0.5264401725743106,-1.1123549247026108,-0.02842931892084143
-1.7153773501603367,-1.3639179738343234,0.6850733178382572,-0.011597196793571048,0.4851650998904417
-0.11779593673027408,0.550937424959952,-0.898371900253035,0.03429656540768059,0.5069741616271487
1.5434363214172606,0.04234068303796122,1.7401446842123698,0.8149923311971847,0.84957200276869
0.8076515303934619,-1.1058784402651438,1.3698749239677819,1.8160594473306193,-1.22310043745602
1.2895121600379456,-0.408751899960593,-0.4954531503608757,0.09015211037200539,1.3809775825950548
0.8302409141145289,-1.1456697965762324,1.5095374036039189,1.7847992242061703,-1.2213960673042055
-1.2447936397141504,1.2111109603701082,-0.26785730520164297,1.0516070013480066,-0.27591428958527464
1.3203436690700396,-0.5596171131024156,0.4956830555179976,-1.3814810878529264,0.044266748443242736
-1.0307651814803394,1.43942427026982,-1.8974248140965004,-1.082047376230454,-0.05945743681652215
0.5344094422602358,-1.0868571569269114,-0.6020437642286931,1.2286586306766452,-0.38608230127511184
-1.770665844198977,-1.3920932663232921,0.7168457251620571,0.029880362404219412,0.3596806123830167
-1.2533580749171755,1.2875087811746817,-0.26644898978973713,1.3094877035952714,-0.2013253433107198
1.1918673912084097,-0.16003889627922063,1.319158537321743,0.0339316696698191,1.837009226761661
0.05099819508196291,1.3071489960778737,-0.004181220872365415,-1.6781246441196456,-1.1889240207607774
-1.2687153484283145,1.2082145208339863,-0.29621635547467917,1.1798483859891231,-0.3021107102653922
1.1528830651275492,0.21704113476745723,-1.4241840063954618,0.2557418717157081,-0.8636603586633528
0.9960795067475863,-0.10044715556085586,1.181601397376467,0.08629690391214814,1.7838954320861518
-1.6946150731040843,-1.3960485862918846,0.7712638419773703,0.2042693794893122,0.4513819070222164
0.6978678942986584,1.1532107474145994,0.017345104278526712,0.38963244318248436,-1.6137589679298276
-1.8037426617233698,-1.4432948169680664,0.78456972370871,0.09912264457173976,0.2914162157605214
1.1730677856822873,-0.20500077020733182,1.094907363353121,-0.17050503325472233,1.742326825178665
0.9778883158157944,-1.0629202488205944,1.339898453227209,1.683180966804277,-1.1489504242234065
-0.23370907529291488,0.5819214741132388,-0.9828002364117271,0.0697982038556035,0.6024944907501103
0.7951453079450557,1.2313439419948826,-0.010356843998268504,0.39893004359282497,-1.4835019644199612
-1.2448581713404314,-0.2595281420851857,-0.44021237725756274,0.5673563378004507,-0.13677482272439917
-0.05170784802302125,-0.059927328075756896,0.4894819640278242,-0.4384850629052914,0.6622867517647316
1.285449348984334,-0.5355809879086456,0.5518665434151808,-1.1758193136770623,0.10661194553021758
-1.3173125004588229,1.1713158931533403,-0.3563759604329101,1.1821521761782385,-0.17770075979414707
0.13061567671467825,-0.020464256923653425,0.48955883792715593,-0.32763257799780654,0.6338736136840275
0.05365844911711003,-1.2430191037502598,0.3564382580942366,-0.5800239407592845,1.1648397584685242
-0.47517349143926424,0.1559250818088371,0.9810288106109349,-1.2830231039749858,-0.4731715432200509
1.1098588794734763,0.2653732272609448,-1.69054044300463,0.33397446648416296,-0.9071800224663817
0.08381857994284894,-0.028184755716330622,0.5113974826187023,-0.31200457978195933,0.614639782166976
-1.841989306555113,-1.3122723886473775,0.7103378085753552,0.017522337283337474,0.41621404078887536
-0.3711329531098482,1.1678903866776968,1.1050175253810577,1.1250368550273926,-1.2166644982424093
-1.2425509702882906,-0.3114725240807251,-0.41753016610865556,0.3176085047262055,-0.17486681259151335
-1.1056577719763823,1.4777612164666776,-1.8662757311447136,-1.0565264603128746,-0.26222170055044886
0.8723911175268322,-1.1470765766121147,1.306990489153552,1.8292329029768777,-1.1509669514142533
1.3471233434846148,-0.45650375157555245,-0.7593569017154351,0.3952365665559409,1.4135048474524194
0.03548750059355744,-0.1413189371101542,0.45161188578935557,-0.4894669315008371,0.8132403545446516
0.10358320565328408,-0.08515681496301553,0.35739110710531746,-0.44139412425589036,0.6942862462299229
1.362223966288369,-0.4065947631380098,-0.5494558838170686,0.15833904173032953,1.4690546114611607
-0.43018627937949944,1.377020288549241,1.0473943739071718,1.2836568519797005,-1.142479393702203
0.814933083907302,-1.1155187041791677,1.2798580362275456,1.8072458712007275,-1.1509890587017702
-1.167448264831538,1.4146189897865902,-2.000373091904841,-1.0103049781806805,-0.1031521002557367
0.11049728522677692,-1.3629360081259108,0.41485426222756105,-0.578542736576457,1.2039557543862078
0.028539320346335974,-1.3839396329341067,0.3852725451038544,-0.6697004399981771,1.1073462416810251
-1.3559234859199705,-0.1966348790112431,-0.5906496851283096,0.23098696054572912,-0.20146282601142784
-0.4274670012415203,0.31178970424259245,1.0117391105727327,-1.2766678444629271,-0.305635392715643
-0.5299125768543007,0.36864801968022726,0.8922097244030393,-1.3231200417486995,-0.3787327984336518
1.1325100229390914,0.14202051893004924,-1.7286607072102018,0.3410741515490658,-0.8543588726047733
-1.3523101331590526,-0.17061366470539746,-0.5481010643182489,0.38408423529605407,-0.07117987489354101
-0.3844710723972195,0.2514013325874986,1.0036987477328796,-1.2921719261541693,-0.36117022587578146
-1.2598135396632588,1.269866146772421,-0.3615282068480356,1.179796805751516,-0.23991395588611855
-1.6988213394599794,0.12439925526461285,-1.4249435172650826,0.8827840359403331,-0.2539378988825486
0.7232950172042694,1.080299169915025,0.029395987910270434,0.22897643682211222,-1.631968940737334
0.9352143558617853,-1.183694981846566,1.330631921180941,1.6927381024322503,-1.263011617403987
0.11714439287752945,-1.5925189150522112,-0.3956509986849222,-1.7102329515089416,1.7992263626405642
1.5437792386124192,0.09821316556773252,1.6868381122869804,0.7414892668453191,0.8523284858288772
0.06276967036230356,-0.01721897855721059,0.4343095146983372,-0.48396098221885986,0.6290007936088423
1.114353218182755,0.24820953058710088,-1.6719186561568349,0.3769222038128155,-0.7666993592421059
-1.680759462523679,0.1488954991701577,-1.3524495813845143,0.8451617288787708,-0.3702093675267375
-1.0684264188373163,1.4918765317430969,-1.7904097883602221,-0.9712153825789045,-0.15693254353287853
1.4419930456980996,-0.41750569022927725,-0.67639673206915,0.28257631616005524,1.4339999549896882
1.318564563733471,-0.540695109964189,-0.5496032898198215,0.14648751498633997,1.367952268885062
1.1538442407848746,-0.16679210859732058,1.1121267204330256,-0.11868439311060813,1.7130202522286582
0.03544718014519811,-1.3803892074771922,0.3871295656698294,-0.5914277885594983,0.9980656260015119
-1.1266104216251216,1.3508948074547888,-1.8381844538959733,-1.0107055019592053,-0.14929131363701048
-0.41650629745985324,1.2542444287762893,1.2379740855555332,1.3387592752289972,-1.0688585493483378
0.06751915413627059,0.012625729291608672,0.5760330907490468,-0.4565149094124931,0.6821250513647902
1.1238156998054378,-0.19521698012504937,1.0780899700578448,-0.1719588821992781,1.7256112394909038
0.05056387635666898,-0.0026199281021701765,0.5806252200764133,-0.28408764517716667,0.5863640540177361
0.27832925664383995,-1.5573241615252487,-0.40904271732588865,-1.7321922936727174,1.8480629974640206
1.2024569135602332,0.15742278342947127,-1.537151271737167,0.3867392994826658,-0.9608078582420336
-0.07928475997991136,1.333329112535953,0.13784725119159388,-1.501261952752538,-1.0912063877470939
1.0300175030662166,-0.13318795055217797,1.0531618604790542,0.049212777030268634,1.7804419599100858
-0.4270011261089472,0.2139900287754259,0.9664566407308696,-1.3235648232221078,-0.3809592114713266
-0.01680442502268908,0.36128916772735986,-0.9888880396345624,0.25275531295940334,0.5794056963115124
1.5466280256931562,0.05102463028537224,1.8467197879387338,0.6986026876718037,0.8343392992625899
-0.48052443759180263,0.2780089949883453,1.0835972486239023,-1.173019378550528,-0.3592372819788668
-0.475455865464364,1.326991442276784,1.1681052897574333,1.2445041440061209,-1.198162039537466
1.2484699016314345,-0.38886260387297955,-0.7255446902448054,0.17165247440514006,1.427724717796087
-0.01098619799884541,-1.2660881688305403,0.3962633879095701,-0.5505972369811417,1.089788406841638
-0.10782996352869033,1.3566315573387797,0.028751272032492968,-1.4324139573024983,-1.270504407029725
-1.7514006486022,0.1163247767704249,-1.4325697238289283,0.7817933599317366,-0.27843499469181715
1.5215531662504813,0.03738042307919829,1.751394289799595,0.6533840421665454,0.878101908736072
-0.0656626499720725,1.2349948451986643,-0.0493405365752323,-1.5881651159752876,-1.1379909258277001
-1.2777311884873843,-0.25858016786234866,-0.3878701891360154,0.2792222129596082,-0.05707404046360753
0.38245977040810486,-1.240669611076413,-0.6300663949411222,1.3269656961235397,-0.4005421147821923
-0.25554234807435705,1.3688860892198829,0.9979303060601978,1.484667389014206,-1.2262288191101112
0.21712350587238313,-1.6451252451298166,-0.40931350865057964,-1.7341274470975883,1.735225373348078
1.1798208161244454,-0.27919003063440057,1.1027855220810672,0.04076065615272361,1.7855187542198105
-1.1658762034416836,1.3131329679642045,-1.975792910215006,-1.1333790337106293,-0.13824419241550454
-0.18284840251258436,0.36114534636929146,-1.0511439676826473,0.1005411313572306,0.600207734207223
-1.3091414233593575,1.1680420210747935,-0.2380476576745444,1.207866962044994,-0.25301684173690564
-0.037908419921624206,1.4104470303397376,-0.03691324387182961,-1.3919958416777545,-1.1071010985041951
-1.6357742999944633,0.215530627169693,-1.2783407828987061,0.7875765415913147,-0.2583130996863783
-1.7422128863082063,0.38934251398850217,-1.2688713705780614,0.9191090119108364,-0.24697564447628942
-0.5022309463631711,1.299635219907508,1.0516879988959422,1.394953418812756,-1.2169650593076937
0.08381462227401379,-1.3922467786148267,0.5033427730565995,-0.5245239019107238,1.0518916880301956
-1.2211006425680964,1.3280032182656771,-1.8821027515405147,-1.002203270649835,-0.14315214445582766
-1.218086864397027,1.396120095763019,-1.8449254615751747,-0.9925862665877291,-0.2347610560525455
1.6809909289024525,0.009824084608334083,1.7160199813270736,0.6503050146441337,0.7746124300588236
-1.1000694461012386,1.4094152919500094,-1.8307697774434943,-1.0521807885992909,-0.11143675876319858
-0.07777430316413647,0.41537383440737025,-0.9572039810281053,0.16786431576537567,0.6255318519971571
1.2311235542756978,0.20724428921295354,-1.6678853086768803,0.26167029057406405,-0.6833826341267204
-0.28267123992861953,1.3052761732019929,1.001104458285609,1.1904007896699247,-1.1164334982030735
-1.7534022872972932,-1.3714667316935487,0.6280594742154264,-0.037484453452975776,0.43441946369869755
-0.5824479251355842,0.28469123678102426,0.9993321268668588,-1.2584704555387287,-0.41419991970862635
-0.5044450822397302,0.21413887492971603,0.9727640868721025,-1.295310126031286,-0.4341500340530517
-0.41037162846559,1.2025816270484835,1.0247435670576177,1.3997338789618141,-1.1977778430978174
-0.26470999238657894,1.2711471329530784,1.1719989286146288,1.3423265349752596,-1.0460585077079787
-1.1429686296727168,1.2707731545412746,-0.2851989726135673,1.2602191782449428,-0.2956186045874997
1.4127941366716055,-0.08492877944356328,1.7702450882731753,0.7149036933564195,0.8874104990678713
0.0624147612169907,-1.2511357352352408,0.45109898357558614,-0.5178248389188285,1.077183648735996
1.1691964129509127,-0.49101618632578486,0.4418188158250757,-1.1574951628176888,-0.05374033966036836
0.17196240749156416,-0.06307259071251835,0.4273170602678757,-0.35681274578948896,0.5864146956301127
0.4956181249390861,-1.2921366740563454,-0.47089118863447293,1.2891695770755083,-0.49867021434018927
0.6452726920781541,1.1374747747152119,0.14204350345936279,0.23073441834196848,-1.5723561923631946
1.2669250635534337,0.22455273657664274,-1.3778680873492692,0.29489951860602553,-0.90871974536999
1.3557612672827375,-0.41075836047021286,-0.5317074287290372,0.09778391948224796,1.398926061567991
-0.0556588828900068,0.04207711522720553,0.359474852007209,-0.5332752913814028,0.7067440809324597
0.27582924435321454,-1.7489719321173018,-0.48206787750227104,-1.8145192100705778,1.864289033154961
-1.2493368122958586,1.3041159268920943,-0.21435618486391853,1.1102289103269256,-0.19799718212389222
0.7239292738758049,1.1096605035120153,0.0464556092897612,0.39235747265074994,-1.5315208572893522
0.0065618887191177065,0.41503823944763346,-0.9919249448495098,0.1443612093576273,0.4064383720157917
-1.1889718262003854,1.1806185479396074,-0.21153320949223456,1.1461854977449704,-0.2260994364475089
1.5734561729546435,0.07294480624508759,1.7045371357638395,0.6427913285586629,0.8219496087934091
1.1519533805902606,-0.09679783845158557,1.232344392652008,-0.12310193272756317,1.660156362009921
1.329115268441881,-0.3436164031443813,-0.670219743591453,0.23582131333286582,1.3408596265652757
0.24797756704518573,-1.7819969570657617,-0.3819347307118761,-1.8527439041001676,1.8199385522372038
-0.16145247159645917,0.3913802201077895,-0.9966846584677984,0.05682673601828408,0.598905392157495
-1.6800658728029398,-1.3786577261092616,0.609352223971884,0.06030549987951439,0.2795935954677903
-0.05809158832702227,-1.3505400685457631,0.3653748313129877,-0.5361511444301988,1.037793740437438
1.3283716973266129,-0.6421180066368825,0.41806844864669196,-1.2686842693033205,-0.011881268299161538
-0.44353779381299524,0.29334532844937933,1.0508242085039627,-1.2059190273402798,-0.2654288917399707
0.36003752962453767,-1.337100084434179,-0.6916680879211876,1.3140186575336585,-0.547116306280319
0.6281522095261995,-1.4071946859170135,-0.6398437966295155,1.2598170254484196,-0.5879832257015449
0.08018805715302427,-1.3264656251415499,0.31949940277586175,-0.48269402614454787,1.0925926572557203
0.21597268888001986,-1.7345452876998892,-0.4153348753518633,-1.6891977309619763,1.9793304986836469
-1.1784004952019758,1.4441383315041283,-1.93881389024649,-1.0296845972622668,0.007487561043670299
-1.805569008404869,0.23986900158228133,-1.3492809818711744,0.8641054932348449,-0.22152680970876645
0.8040513280054568,-1.125262361326549,1.4057297640475783,1.6435168272480385,-1.1629737727591307
1.3464598807680979,-0.595474339084992,0.4896518463455288,-1.2549743444497314,-0.04147825613260645
-1.0009133311537513,1.3751572391364508,-1.9483862646936823,-0.9406620343712835,-0.03457845842584561
0.25933238272504744,-1.6740968851114866,-0.48625492033610657,-1.8706224670320253,1.9289933779314279
-1.2508049990364891,1.1430026453161175,-0.08321954501175423,1.3381383285422477,-0.2146853117581825
1.2463413474769383,-0.5481172605130078,0.4593197930163977,-1.3225502488258425,-0.03293040983003049
0.09040919249798715,-1.274508477059211,0.4182477432117075,-0.3940245011055642,1.1709579947247937
0.04904219197867506,1.2163946939314962,0.05348215323394085,-1.5322794999529195,-1.358869197655207
-1.3248793379127966,1.230717283206199,-0.29108031722120525,1.0366022752055442,-0.3267922846620462
1.2416856971686705,0.22856351469121666,-1.7201769784957266,0.24620546090562082,-0.8892561300708349
1.2330962784222075,-0.10656354798261529,1.1515884432665038,-0.0436243487688333,1.7084916825297811
-1.1868527148247647,1.4141299634411904,-1.9985115329193475,-0.9940349008637595,-0.16951641174514845
1.5655877635852942,0.028496776489528107,1.7813659081118802,0.7281695188502839,0.799625617325005
1.0063899538500392,0.2905769040480388,-1.6492828290877795,0.22070906653837868,-0.9016776291347353
-1.7775574882586416,-1.3931488116610924,0.6360689615565166,0.05829813656736102,0.28640683839956066
1.2513017943723095,-0.5051147730595101,0.5151293870195467,-1.1658867706222196,0.06969077109391338
-1.1620278698844009,1.381549469627337,-1.879934008043238,-1.0271488763505672,-0.07351433683325889
-1.1670206937469199,1.3299754824284578,-0.3535877998130637,1.2811520743004976,-0.20066803081367895
0.8279534391796491,-1.1180102297180665,1.2688219681557114,1.7572670135012909,-1.05207183195471
0.19203737920539754,-1.2477000625767354,0.358852929742819,-0.700462276484277,1.0958628854865324
1.1431148146932293,0.16870862159590724,-1.7901218278143747,0.35893397440879204,-0.7943643322657791
-0.3047201842027681,1.3455977448784002,0.9908535739612991,1.2031936345692005,-1.2174514288229588
0.07149059766171201,1.316829410029653,-0.03947705380549508,-1.448040062788309,-1.184367092420305
0.08451658354460352,0.06460084511628408,0.4619947840352723,-0.4755856394358213,0.5844152166674759
1.2208008111213648,-0.5752313418134759,0.5680998152978614,-1.1274050699010982,0.21426509616010997
-1.322137627770966,1.247084259206643,-0.3613494706900449,1.0302004595690675,-0.13907934558906043
1.0045865747045528,0.17479995676339538,-1.528383755620584,0.2753031809195035,-0.8941881888918369
0.9316163583317978,-1.0784087191485483,1.3178552124325467,1.7274669517916887,-1.2073465836037687
-1.2991533798126258,-0.021432988956817726,-0.3737691959505707,0.3416916384908222,-0.22112213053657864
0.13621649989635143,-1.6846982761737062,-0.5440713760066261,-1.760976682042268,1.914477704763594
-0.054689472011700394,1.3195639881365193,0.023846367744818978,-1.5622783989606357,-1.1842934739026951
-1.7264843941065977,0.1386540363381862,-1.3452454128591775,0.939397686334695,-0.34382419573853795
0.18956497924211,-1.6133762238800429,-0.45790358484966365,-1.7952803053123345,1.834744913686851
0.6863201705358082,1.206073990089832,0.07810059158159605,0.27740047849741806,-1.4481246661687193
1.5033285505728522,-0.019625664301370416,1.7403177041529072,0.6552518688376278,0.911267664370418
-1.266835280943127,1.2138463835214819,-0.3632046716505864,1.1788583520121907,-0.29914082189328406
1.0816800745346096,-0.21920341440158236,1.1787657897299806,0.12287151603925109,1.8162878856688203
0.17084835799231268,-0.009711590242957853,0.4743677859973754,-0.45711590360459503,0.5784549833150426
-1.757003371700256,-1.3440187440371252,0.5535600160118077,-0.09239684539042428,0.5416815040330706
1.200854581888695,0.13376255047619576,-1.7788903961616076,0.233219207840958,-0.9928979047647227
1.2505509924872344,-0.5534092557755532,0.5034646404974215,-1.180485250103747,-0.0028700718770110923
-0.009621556407465403,1.3335446036811607,0.057754782909857444,-1.5485464736646195,-1.171997044866255
0.16798511487446044,-1.743152458809085,-0.4655148415160678,-1.6766035092494767,1.873160147421074
1.4877599236264096,0.054902997204655676,1.8230800661212645,0.7720199762357332,0.8842250209530065
1.144009930054784,-0.15755649992957915,1.0379135543168476,0.021514081341047247,1.7379375468383695
-0.3712841271913882,0.25942974075634834,1.056658165307237,-1.3382320648384596,-0.21012644786532664
0.14921513438597925,-1.7009135466272234,-0.4469659201378477,-1.724853977316326,1.86582923478387
-1.6465576686883907,-1.359940066707614,0.5877175959153145,0.013938574040920337,0.37115981146656196
-1.672470158499826,-1.49684104066009,0.7177845544773267,-0.06759329357472102,0.27499958754389725
0.2462438700978695,-1.7788736070378892,-0.5826255647282673,-1.6923096980525019,1.7348975253206609
0.2641432432914268,-1.851725417865848,-0.39119090340468365,-1.8018420837355598,1.7835094076616103
0.12581223853332243,-1.328872429260907,0.32393998373009114,-0.5609969657166524,1.0868423915917313
1.186541750904224,-0.08336632328351143,1.2473048324097102,0.11408529305858243,1.753820587108873
1.1084480012241917,0.248945916535666,-1.5530469620884217,0.3392182594594318,-0.7993027223879117
-0.09222385373198057,0.4572479554973083,-0.9841888906443749,0.06911066451572112,0.5707415049145561
1.2912340547014118,-0.5126036352778567,0.5894454388838057,-1.319022624017936,0.1372126350844999
0.02734982474049533,-1.3240940169568716,0.3840277932006526,-0.5965575354645114,1.1193703403573805
-0.025313345929709498,-1.2819909962149545,0.37968564378184655,-0.5836047124174445,1.102836071139079
0.048408597239096865,-0.014797828672506147,0.5652077829606913,-0.5019401303050729,0.5458309795211463
0.14232958808008153,-0.1435519773545061,0.49839140477227867,-0.3585394702663258,0.6883351585919578
0.010678945336885164,-0.03348646333248622,0.4584888439793514,-0.44274789802967823,0.6050688586256905
0.2939757314588579,-1.739065426293936,-0.43363741053583355,-1.8064263643150822,1.7867886495912848
0.1439461070477081,-1.6530369737650563,-0.28757044921881514,-1.67864348466707,1.7565089648964314
0.5706217167887913,1.1545169940740845,-0.013491898976683507,0.20651751136562113,-1.5617481130682884
-1.075810464866776,-0.18021894692671084,-0.4863125188217293,0.33165867002295546,0.010306774485964206
-1.6464625128895454,0.10431988080840342,-1.4153371216952544,0.798476520008315,-0.2843858732083044
0.14830846920517526,-0.055846468056045144,0.5446925357384128,-0.3981211447373231,0.6874983952693164
-0.03150615152382635,1.4312441377686647,-0.033081701889602376,-1.5745561915709843,-1.1690201702863094
0.3942924633640874,-1.4125150289986104,-0.5953386545618711,1.2938717185234532,-0.4216026551292648
-1.1095047073740072,1.4172209268479927,-2.075398325140326,-0.9359465607568593,-0.08215915205573598
0.4941219444491386,-1.1205792142546165,-0.552484482334001,1.3674904206347265,-0.5113166881776429
-0.2557924300085443,1.2764306990648298,1.0432422165262594,1.3559206324218147,-1.178082210116837
-0.08625472376294581,1.1922918211471485,0.07307809935402271,-1.5915323529700176,-1.1090423678089694
-1.7571725255290918,-1.3501105378386116,0.7011056678599034,0.009713155666298734,0.2744968322590952
0.13730330497444163,-1.7547417172735424,-0.42912433657548144,-1.6856250492333043,1.9166495639887122
1.1689514095366367,-0.09800714298054446,1.1408109796281636,0.10727711770761544,1.7302000035837048
1.3450073616655893,-0.6020632188718975,0.4401994264911529,-1.2544148953173457,0.1726402644616095
1.4109600215102722,-0.4081008598877548,-0.6873108278317182,0.2709427043441261,1.37063369202416
-0.3831456919815836,0.26393514672165636,0.9481770446129213,-1.2504750611105948,-0.2764131051067823
0.6593435034493215,1.1117092987940536,0.06228487837179368,0.25958697822259724,-1.4930626414803068
0.01198798952829749,-0.047365551435763535,0.5137320324640897,-0.45013156507338314,0.591558816604832
-1.223939875881053,-0.14815269850437504,-0.43685795359100743,0.4175446487217115,-0.1328995753529507
0.6766419016262357,1.0029801279706445,0.02940665923945981,0.3772367775480835,-1.6182357326378454
1.6280912341740015,-0.052034575857627684,1.7770864859369488,0.7726186136589274,0.8476691015313531
-0.2980754619570361,1.300926163775514,0.9976729112330172,1.2784376455123512,-1.262196953239842
-1.1899856302739773,-0.16579299665827568,-0.523382948814261,0.3872155877697014,-0.13702230920301955
-1.0906299740666205,-0.17507831358373765,-0.4608256921147077,0.3802063328429329,-0.005056081749968126
-0.2364016208567622,1.3302015765617212,1.05304957490412,1.3268131981397957,-1.031986158558021
-0.09786282291411373,1.2454611105330264,-0.01606305949240269,-1.5243509777021154,-1.2226441466734321
-0.39285063261939246,0.2956739838077677,1.0059373677069754,-1.3670537198159245,-0.31040489535252375
1.133349543342296,0.1854252812275757,-1.6918166858189465,0.31963942669901674,-0.848091663628501
0.41756687372067003,-1.3229543513669073,-0.5218625919241928,1.318565324841894,-0.4949361032783034
-0.4742935069306914,0.386233399915729,0.971020848179203,-1.2842110172357128,-0.4211612889076709
1.237439835042566,-0.5333726483629704,0.5195952909100641,-1.2192966036408002,0.017083687311156788
-0.2940432308754185,1.398956403515812,1.0068493686882787,1.2712331974935105,-1.1232378593532504
-0.16805753032839926,1.3158602776316035,0.12158527193068562,-1.5262868937305532,-1.155310881386886
-0.3677363243545722,1.3407433419792132,1.042441055880647,1.3310275666118778,-1.0688023888133866
-0.39311136737719404,1.3957533908460085,1.0438500901112446,1.326220246387496,-1.0689868229355688
-1.551758612413567,0.23668763389077752,-1.2672547814269521,0.841907890890729,-0.33674058660643424
0.6361765718776293,1.1201237976670306,0.03497477124760388,0.3866578602645212,-1.6896367505382603
0.2443692417062853,-1.7238468989127822,-0.5099411964740636,-1.6453271987981597,1.9284209293644146
-1.7270825900265359,-1.3127130442450765,0.6996906378019642,-0.11968096636329789,0.38694796349437893
1.1339819749235693,0.2361736876532138,-1.6193710117855487,0.295189969886874,-0.8975648207141891
1.3106126605813209,-0.5269513680951696,0.44071784867439096,-1.2623400483768128,0.043155456108733274
-0.31660553645210443,1.4312994991751784,1.081586612340542,1.4316386960440475,-1.0633993015325738
-1.5604908156407538,0.25671569694866525,-1.3516682890517275,0.7686982751003449,-0.29515456020240494
0.8895074070002937,-1.002697551615419,1.3412838920917853,1.6770316563366352,-1.1434839696357133
-1.0904732806484283,1.430964414600711,-2.086202020735522,-0.9585590854575116,-0.15762317068885517
-0.08866442448367118,1.2733748884455585,0.027961420698219296,-1.5983706968554454,-1.3457663242484954
-0.9616667009057139,1.224832547205042,-0.220541747865064,1.0558794125371183,-0.18466026626156226
1.3153336000793217,-0.47920445397968797,-0.5870068550069804,0.20758921352971957,1.3378261042761115
0.4454913724564416,-1.290153584302231,-0.4722306577598205,1.3612279903414664,-0.45193931717743324
-1.2076117322159292,-0.17072162513120206,-0.49484080046724527,0.41654712318984866,-0.11146214731050777
-0.46918484093475404,1.2349657700439518,1.0339524579395778,1.253080153390492,-1.1391550964594754
-0.013379145601937512,-1.2814705085025055,0.3414556276397067,-0.6279397220321878,1.1834504239300059
0.5871397650351154,-1.2990155623214772,-0.5885425839976162,1.348015785564264,-0.3631961463154766
-1.2260524089507379,-0.19584341675331018,-0.5717020309070209,0.4210759613488847,-0.1759391581606539
-1.519721372213373,0.29740964789309665,-1.3210813462174322,0.8622658259465059,-0.2956912704687132
0.06964282758461957,-0.11230666271462092,0.48982880276225826,-0.44824828368168984,0.6691973333303983
-0.4151017068394522,0.22450697734897268,0.868647542969392,-1.381274489088959,-0.34581071660637164
-1.5331074643395126,0.1405165742626533,-1.3580802891444244,0.8423949620057231,-0.2455008332260247
1.3892834183864817,-0.027139106914811802,2.0323672539138724,0.8683987334710278,0.5697208935579017
-1.2779046992657597,-0.19208838451933916,-0.4328709375282663,0.5936279612564069,-0.25834400345211017
-0.07325375837646615,1.326343838139487,-0.04094175527152013,-1.4751453699929884,-1.1361104181931014
-0.09566591332648863,0.34551814069398906,-1.0227909140401066,0.13117015692409886,0.5303813478501094
0.7202313663870165,1.12689688721841,-0.017958282973213464,0.44167239981417883,-1.6779200271960573
-0.003168888405615077,-1.300904714269397,0.45770147392691096,-0.6604153982854979,1.0302752033339424
-0.0634698875317021,-1.2314801490594152,0.17677328390948968,-0.5143114222910292,1.0718296191246122
1.254988911821871,0.26866086960684143,-1.644368900479819,0.3330449925926333,-0.8302488562333301
0.6124782831601446,1.134174924833217,0.05087205648549352,0.11259852024270951,-1.4768999207579647
-0.02309691408743681,1.337847728499924,-0.008945373664317066,-1.5935799145992169,-1.088706054454301
0.13576676445202793,-0.007233386015962819,0.35390946873677703,-0.3489532258324009,0.764940312033341
-0.34407875100171553,1.2783143851301038,1.064868485680646,1.3462602635969576,-1.026504906942552
-0.374029879526349,1.34225169497885,1.0888733311062226,1.292364786481309,-1.11363076074713
0.11200365956909783,0.4819614892236709,-1.0689221746883162,0.0730293779945574,0.6592625113217939
-1.3346332551131044,1.2187773993553415,-0.23929422721503255,1.2555694770182284,-0.33196334149002177
-1.1136496064772508,1.4735038820199486,-1.9435619701141185,-0.8937139172342912,-0.3110162343493133
0.9178684130244412,-1.1251867245267297,1.3907153503945695,1.7580098649493414,-1.3329330219006819
-1.3197316551727478,1.2660710432886306,-0.3327552658942408,1.1321826136093007,-0.3654212947498146
1.3309332570681949,-0.42594550207347276,-0.6975474051472048,0.29736311079940003,1.3567793623915918
-0.4228918392943811,0.3334840109454115,0.9148205557401718,-1.237699374828013,-0.3456964065373546
0.8483614019116873,-1.1222384172974138,1.3501894184189667,1.6415911810709378,-1.1385967997533393
-1.2126103199450156,1.465553431419307,-2.0261048397785615,-0.9209031268717306,-0.18179945227156222
1.1422194557355392,-0.09872682367891143,1.1898971672772751,0.010176681626809663,1.5972946153883565
1.2786555094411594,-0.5067026837116031,-0.5602928581652363,0.18478086162303814,1.3720098899043849
1.1278381966335809,0.14385629890726764,-1.4962713919582051,0.4342812914842813,-0.7926288674631485
0.5365544737779585,-1.283961266677517,-0.43448281202593364,1.284511661545535,-0.4119977196952506
-1.206488964605644,1.127126131321881,-0.4115144857176597,1.2426236832529112,-0.24492761570627816
0.09971934239199601,-1.175187510509689,0.3941476891950368,-0.6302030796201235,1.150883756853973
1.1568856520964088,-0.3086514097078178,1.207935934809622,-0.02094587334637847,1.777100643460932
0.6009767044971721,1.1246240793322437,-0.026850480487936184,0.41781672057542063,-1.614066270477523
-0.11301494516544545,0.4528177065298925,-0.955775369698176,0.013501742184176938,0.5188120106881721
0.11001506421455944,-1.2776868394414125,0.36525233370688986,-0.48444339413273024,1.220587466240943
-0.41803538052334943,0.2862998717329975,1.031754975082473,-1.2923307799811599,-0.29441029504173966
0.18853077730071696,-1.6766461651651543,-0.5045428635575275,-1.766009045973163,1.855044019407163
-1.7612013619142068,-1.3461011682843227,0.5750305161002945,0.041566237271431127,0.3872258677840905
-0.00889678852535866,1.3488945090030642,0.09006672836254705,-1.4513713113657067,-1.2252393998329418
-0.17325996677236433,1.298325084292847,0.15519596074389766,-1.4667511890583005,-1.2535559027179974
0.14373153622462576,-1.6247488989139363,-0.5647144706719527,-1.660128187368011,1.8932971033756711
1.0758667054073978,0.19033939465081964,-1.6531477298406163,0.27037339495688045,-0.9295256772879515
1.023509320307347,-1.0776905200821378,1.309477624937447,1.9365192523207704,-1.327000345814579
1.0052409151835342,-1.1398187910676303,1.302709064564056,1.7997405834405713,-1.1580027741482366
0.1111392628560567,-1.672441073928102,-0.6124998803869434,-1.733405582051603,1.8309590381480116
-1.2552525544805848,1.4391833525068987,-2.0484715627612804,-0.842870954686237,-0.07252214077189094
-0.02618408614950265,1.258606900091707,0.1297723094761859,-1.542402015014259,-1.2910774400838512
0.40188314840752026,-1.2014777519473172,-0.624042437610958,1.2959968846963459,-0.579121070328852
0.7519571483583851,1.2487772027681676,0.11169381071793204,0.36388991475387483,-1.5941316645365264
1.0811867083271058,0.15221054208675291,-1.5896882890628699,0.29571075854788476,-0.8960066323424901
0.7508237319315931,1.0918732354251477,0.0648543588735353,0.34125940329992294,-1.53724879567803
0.2960694084499997,-1.6899487902102681,-0.5146425635995522,-1.7116269020675383,1.7538026373724778
0.04383156361936473,-1.3498363069619455,0.3336999712231914,-0.45722417309552255,1.147578172550349
-0.004173206255867621,-1.3134935619120747,0.4476540657931037,-0.5746229842937869,1.161405598423755
0.18288126781747227,-1.478672827742515,0.35837471895535744,-0.5943230667682128,1.0387249889253765
1.179723729731126,0.19043160373880808,-1.6167018057698608,0.2695691516648485,-0.7692817098178781
-1.3101592117797163,-0.176802577003283,-0.41831929497925324,0.4807091239720173,-0.08274111973569516
-0.4061573201448109,1.36338565279151,1.111916556219587,1.3280195389502907,-1.0332608129479568
1.1548426837135681,0.2600260181365613,-1.74332528088775,0.3232496644304232,-0.86077621999233
-1.6860266547844134,0.15752218104039115,-1.4201790332383797,0.8115560929051086,-0.35392844804753115
-1.6842413194866264,-1.411015732601091,0.8086054704743896,-0.017173373396882134,0.4032800588832219
0.35418242899755104,-1.2573536232835325,-0.4254373638389038,1.340107408742415,-0.47114668650920644
1.5524693070187536,0.008808008535303242,1.717375082744371,0.91587572860111,0.8017150480028784
-0.38416423108900294,1.3633467161117283,1.0600302616718131,1.3164111753068557,-1.2369711369208811
-1.2944028857901357,1.253741048435756,-0.421234980007387,1.135231412183186,-0.19820875583486577
-1.6014475532761079,0.25922344376893125,-1.3154780255458958,0.8981886746521905,-0.20225194904082483
-0.4818450646145245,0.3509875667953704,1.0611823662428181,-1.3793095958949213,-0.39300991624741805
-1.1325954226341877,1.3770208016935057,-1.8640307750362128,-1.0057026943224427,-0.15485633635832735
0.46124434921616886,-1.2835379337274038,-0.5284322559790424,1.2478220229807866,-0.4404624679299911
-1.188221659525985,-0.17348537932539182,-0.4451812081670898,0.4270959593867309,-0.16375467655993872
0.1025191182978564,-0.04860360564506227,0.539743124092709,-0.3784478552101289,0.6634330417426273
-1.298609438721493,1.1921172571225962,-0.2533054291583901,1.2860861543553674,-0.31776438000760965
1.021458691078602,-0.07246851019779807,1.0450106361126545,-0.061082129645806275,1.8104398802648238
1.6198060618563885,0.01361982305215746,1.8050533467248422,0.7165222018014338,0.7677756714292691
